Metric,Value
Accuracy,0.6685536371355788
Precision,0.6794333697030134
Recall,0.6685536371355788
F1-score,0.6690993570897187
